{
  "N": 12,
  "point_estimates": {
    "mean": 0.22043473128763522,
    "std": 0.2972507833725515,
    "sharpe": 0.7415783022894816
  },
  "sequential": {
    "k": [
      2,
      3,
      4,
      5,
      6,
      7,
      8,
      9,
      10,
      11,
      12
    ],
    "mean": [
      0.15295139971388247,
      0.13108299323676034,
      0.14849729651367669,
      0.1736916813071742,
      0.09923998799464073,
      0.2178583407396474,
      0.21550533222939613,
      0.22441390805339964,
      0.2094546034796863,
      0.24047425231378386,
      0.22043473128763522
    ],
    "std": [
      0.10233540923360014,
      0.08167588136683997,
      0.07523517505694008,
      0.08613381333715818,
      0.19797362163334176,
      0.3621511990514778,
      0.3353529054152826,
      0.31483033412152445,
      0.30057082464762624,
      0.3031384886782223,
      0.2972507833725515
    ],
    "sharpe": [
      1.494608766011202,
      1.6049167886908098,
      1.9737748520062561,
      2.0165330498869656,
      0.5012788429886824,
      0.6015673600149535,
      0.6426225291309946,
      0.7128090394452776,
      0.6968560695311665,
      0.7932818209997882,
      0.7415783022894816
    ],
    "min": [
      0.08058933788930338,
      0.08058933788930338,
      0.08058933788930338,
      0.08058933788930338,
      -0.2730184785680266,
      -0.2730184785680266,
      -0.2730184785680266,
      -0.2730184785680266,
      -0.2730184785680266,
      -0.2730184785680266,
      -0.2730184785680266
    ],
    "max_dd": [
      0.0,
      0.0,
      0.0,
      0.0,
      0.2730184785680265,
      0.2730184785680265,
      0.2730184785680265,
      0.2730184785680265,
      0.2730184785680265,
      0.2730184785680265,
      0.2730184785680265
    ]
  },
  "bootstrap": {
    "n_resamples": 5000,
    "mean": 0.8495807804835734,
    "std": 0.3446151821920815,
    "ci_95": [
      0.30551807835058364,
      1.6377804888538845
    ],
    "ci_90": [
      0.3775172956798229,
      1.4541936843613428
    ],
    "iqr": [
      0.6327992236754273,
      1.0098077544437363
    ],
    "p_negative": 0.0004,
    "p_below_0.3": 0.0244,
    "p_above_1.0": 0.2596
  },
  "cov_conditioning": {
    "experiment": "ridge_regularization_sweep",
    "rows": [
      {
        "lambda": 1e-10,
        "condition_number": 440160040961.493,
        "tangency_max_abs_weight": 0.563182859193695,
        "tangency_sharpe": -8478.271587227939
      },
      {
        "lambda": 3.1622776601683795e-10,
        "condition_number": 139190781228.59753,
        "tangency_max_abs_weight": 0.563182859143735,
        "tangency_sharpe": -4767.6892927689005
      },
      {
        "lambda": 1e-09,
        "condition_number": 44016051109.29819,
        "tangency_max_abs_weight": 0.5631828589857476,
        "tangency_sharpe": -2681.0693584147057
      },
      {
        "lambda": 3.1622776601683795e-09,
        "condition_number": 13919120434.851147,
        "tangency_max_abs_weight": 0.5631828584861476,
        "tangency_sharpe": -1507.6763169184478
      },
      {
        "lambda": 1e-08,
        "condition_number": 4401611223.536784,
        "tangency_max_abs_weight": 0.5631828569062731,
        "tangency_sharpe": -847.8287150089745
      },
      {
        "lambda": 3.162277660168379e-08,
        "condition_number": 1391911793.7671454,
        "tangency_max_abs_weight": 0.5631828519102722,
        "tangency_sharpe": -476.7691312744957
      },
      {
        "lambda": 1e-07,
        "condition_number": 440161165.6792261,
        "tangency_max_abs_weight": 0.5631828361115307,
        "tangency_sharpe": -268.1069897210816
      },
      {
        "lambda": 3.162277660168379e-07,
        "condition_number": 139191183.3686229,
        "tangency_max_abs_weight": 0.563182786151532,
        "tangency_sharpe": -150.7676464457873
      },
      {
        "lambda": 1e-06,
        "condition_number": 44016117.754760236,
        "tangency_max_abs_weight": 0.5631826281642289,
        "tangency_sharpe": -84.78288949683603
      },
      {
        "lambda": 3.162277660168379e-06,
        "condition_number": 13919119.252587957,
        "tangency_max_abs_weight": 0.5631821285653594,
        "tangency_sharpe": -47.67694264370741
      },
      {
        "lambda": 1e-05,
        "condition_number": 4401612.671276303,
        "tangency_max_abs_weight": 0.5631805487035065,
        "tangency_sharpe": -26.810751040944925
      },
      {
        "lambda": 3.1622776601683795e-05,
        "condition_number": 1391912.825842633,
        "tangency_max_abs_weight": 0.5631755528265747,
        "tangency_sharpe": -15.076857167341503
      },
      {
        "lambda": 0.0001,
        "condition_number": 440162.16717537626,
        "tangency_max_abs_weight": 0.5631597553256329,
        "tangency_sharpe": -8.47845346076943
      },
      {
        "lambda": 0.00031622776601683794,
        "condition_number": 139192.1825828185,
        "tangency_max_abs_weight": 0.5631098077304698,
        "tangency_sharpe": -4.76798677145795
      },
      {
        "lambda": 0.001,
        "condition_number": 44017.11671746173,
        "tangency_max_abs_weight": 0.5629519444079694,
        "tangency_sharpe": -2.6815950502112043
      },
      {
        "lambda": 0.0031622776601683794,
        "condition_number": 13920.118258299019,
        "tangency_max_abs_weight": 0.5624535836012972,
        "tangency_sharpe": -1.5086091313027792
      },
      {
        "lambda": 0.01,
        "condition_number": 4402.611671746615,
        "tangency_max_abs_weight": 0.5608860476056554,
        "tangency_sharpe": -0.8494807547244176
      },
      {
        "lambda": 0.03162277660168379,
        "condition_number": 1392.9118258300584,
        "tangency_max_abs_weight": 0.55601172711619,
        "tangency_sharpe": -0.47966999755626843
      },
      {
        "lambda": 0.1,
        "condition_number": 441.161167174669,
        "tangency_max_abs_weight": 0.5413787890005443,
        "tangency_sharpe": -0.2730693150501204
      },
      {
        "lambda": 0.31622776601683794,
        "condition_number": 140.19118258301012,
        "tangency_max_abs_weight": 0.501702242117671,
        "tangency_sharpe": -0.1586556049612931
      },
      {
        "lambda": 1.0,
        "condition_number": 45.016116717467334,
        "tangency_max_abs_weight": 0.5458984979630861,
        "tangency_sharpe": -0.0953805015490229
      }
    ]
  }
}