{
  "capital_fraction": 0.3,
  "n_matches": 9,
  "rows": [
    {
      "label": "MI vs KKR",
      "actual_outcome_idx": 0,
      "opening_capital": 11571.630000000001,
      "hedge_capital": 3471.489,
      "pnl_per_state_existing": [
        1447.55,
        1053.2179999999998,
        1448.0
      ],
      "actual_pnl_existing": 1447.55,
      "no_hedge": {
        "stakes": [
          0,
          0,
          0
        ],
        "realized_pnl": 1447.55
      },
      "lp_min_loss": {
        "stakes": [
          0.0,
          157.61,
          0.0
        ],
        "realized_pnl": 1289.94
      },
      "mv_gmv": {
        "stakes": [
          845.7243665011372,
          681.5366778786948,
          23.82586850141572
        ],
        "realized_pnl": 1207.3358551955148
      },
      "shrunk_mv_tan": {
        "stakes": [
          998.8772179180999,
          776.4155422920302,
          28.141994421788894
        ],
        "realized_pnl": 1192.374933141136
      }
    },
    {
      "label": "RR vs CSK",
      "actual_outcome_idx": 0,
      "opening_capital": 10504.18,
      "hedge_capital": 3151.254,
      "pnl_per_state_existing": [
        822.0,
        4740.0,
        -3248.0
      ],
      "actual_pnl_existing": 822.0,
      "no_hedge": {
        "stakes": [
          0,
          0,
          0
        ],
        "realized_pnl": 822.0
      },
      "lp_min_loss": {
        "stakes": [
          2176.67,
          0.0,
          156.63
        ],
        "realized_pnl": 2406.706
      },
      "mv_gmv": {
        "stakes": [
          2473.4744155175536,
          254.40664230411429,
          167.1030186077512
        ],
        "realized_pnl": 2379.2698715021775
      },
      "shrunk_mv_tan": {
        "stakes": [
          2313.08586744088,
          116.93356641634722,
          161.44244112238792
        ],
        "realized_pnl": 2394.092686413969
      }
    },
    {
      "label": "PBKS vs GT",
      "actual_outcome_idx": 0,
      "opening_capital": 11421.68,
      "hedge_capital": 3426.504,
      "pnl_per_state_existing": [
        5492.7904,
        -8220.68,
        -8220.68
      ],
      "actual_pnl_existing": 5492.7904,
      "no_hedge": {
        "stakes": [
          0,
          0,
          0
        ],
        "realized_pnl": 5492.7904
      },
      "lp_min_loss": {
        "stakes": [
          0.0,
          3195.17,
          231.33
        ],
        "realized_pnl": 2066.2904
      },
      "mv_gmv": {
        "stakes": [
          0.0,
          3195.1728290574697,
          231.33125826490306
        ],
        "realized_pnl": 2066.286312677627
      },
      "shrunk_mv_tan": {
        "stakes": [
          3426.504,
          1.1019404668884969e-13,
          0.0
        ],
        "realized_pnl": 9039.22204
      }
    },
    {
      "label": "DC vs LSG",
      "actual_outcome_idx": 0,
      "opening_capital": 13714.470399999998,
      "hedge_capital": 4114.341119999999,
      "pnl_per_state_existing": [
        3764.2,
        -12197.99,
        -13714.0
      ],
      "actual_pnl_existing": 3764.2,
      "no_hedge": {
        "stakes": [
          0,
          0,
          0
        ],
        "realized_pnl": 3764.2
      },
      "lp_min_loss": {
        "stakes": [
          0.0,
          3923.08,
          191.26
        ],
        "realized_pnl": -350.1400000000003
      },
      "mv_gmv": {
        "stakes": [
          0.0,
          3923.078226327454,
          191.26559303684073
        ],
        "realized_pnl": -350.14381936429527
      },
      "shrunk_mv_tan": {
        "stakes": [
          0.0,
          3.246377363552503e-13,
          4114.341119999999
        ],
        "realized_pnl": -350.1411199999993
      }
    },
    {
      "label": "KKR vs SRH",
      "actual_outcome_idx": 1,
      "opening_capital": 17478.6704,
      "hedge_capital": 5243.601119999999,
      "pnl_per_state_existing": [
        10685.25,
        -6350.0,
        -6350.0
      ],
      "actual_pnl_existing": -6350.0,
      "no_hedge": {
        "stakes": [
          0,
          0,
          0
        ],
        "realized_pnl": -6350.0
      },
      "lp_min_loss": {
        "stakes": [
          0.0,
          4907.9,
          335.7
        ],
        "realized_pnl": -3201.0910000000003
      },
      "mv_gmv": {
        "stakes": [
          0.0,
          4907.896379110705,
          335.7050828943274
        ],
        "realized_pnl": -3201.0986537257268
      },
      "shrunk_mv_tan": {
        "stakes": [
          436.96675999999997,
          436.96675999999997,
          436.96675999999997
        ],
        "realized_pnl": -6913.6871204
      }
    },
    {
      "label": "PBKS vs CSK",
      "actual_outcome_idx": 0,
      "opening_capital": 12706.670399999999,
      "hedge_capital": 3812.0011199999994,
      "pnl_per_state_existing": [
        12518.0,
        -12000.0,
        -12000.0
      ],
      "actual_pnl_existing": 12518.0,
      "no_hedge": {
        "stakes": [
          0,
          0,
          0
        ],
        "realized_pnl": 12518.0
      },
      "lp_min_loss": {
        "stakes": [
          0.0,
          3524.41,
          287.59
        ],
        "realized_pnl": 8706.0
      },
      "mv_gmv": {
        "stakes": [
          0.0,
          3524.413270583009,
          287.59573307074874
        ],
        "realized_pnl": 8705.990996346241
      },
      "shrunk_mv_tan": {
        "stakes": [
          317.66675999999995,
          317.66675999999995,
          317.66675999999995
        ],
        "realized_pnl": 12139.34122208
      }
    },
    {
      "label": "DC vs MI",
      "actual_outcome_idx": 0,
      "opening_capital": 24518.3904,
      "hedge_capital": 7355.5171199999995,
      "pnl_per_state_existing": [
        1999.9999999999995,
        -5000.0,
        -5000.0
      ],
      "actual_pnl_existing": 1999.9999999999995,
      "no_hedge": {
        "stakes": [
          0,
          0,
          0
        ],
        "realized_pnl": 1999.9999999999995
      },
      "lp_min_loss": {
        "stakes": [
          0.0,
          3333.33,
          280.0
        ],
        "realized_pnl": -1613.3300000000004
      },
      "mv_gmv": {
        "stakes": [
          348.3810807791421,
          3631.9456882771833,
          305.08343780611665
        ],
        "realized_pnl": -1658.3242614599867
      },
      "shrunk_mv_tan": {
        "stakes": [
          1767.3153751951431,
          0.0,
          5588.201744804857
        ],
        "realized_pnl": -2174.3494446487434
      }
    },
    {
      "label": "GT vs RR",
      "actual_outcome_idx": 1,
      "opening_capital": 29398.3904,
      "hedge_capital": 8819.51712,
      "pnl_per_state_existing": [
        -5000.0,
        2550.0,
        -5000.0
      ],
      "actual_pnl_existing": 2550.0,
      "no_hedge": {
        "stakes": [
          0,
          0,
          0
        ],
        "realized_pnl": 2550.0
      },
      "lp_min_loss": {
        "stakes": [
          3911.92,
          0.0,
          302.0
        ],
        "realized_pnl": -1663.92
      },
      "mv_gmv": {
        "stakes": [
          4334.947113697724,
          429.7094366082754,
          334.6579171722659
        ],
        "realized_pnl": -1732.8665379225422
      },
      "shrunk_mv_tan": {
        "stakes": [
          1.357250770398651e-14,
          2011.7033393372026,
          6807.813780662798
        ],
        "realized_pnl": -2447.280775259316
      }
    },
    {
      "label": "RCB vs CSK",
      "actual_outcome_idx": 0,
      "opening_capital": 40940.9804,
      "hedge_capital": 12282.29412,
      "pnl_per_state_existing": [
        2745.0,
        -3000.0,
        -3000.0
      ],
      "actual_pnl_existing": 2745.0,
      "no_hedge": {
        "stakes": [
          0,
          0,
          0
        ],
        "realized_pnl": 2745.0
      },