{
  "label": "RR vs MI (Apr 7, pre-match snapshot)",
  "odds": [
    2.25,
    1.67,
    50.0
  ],
  "overround_pct": 6.324683965402533,
  "fair_probs": [
    0.4180068332853585,
    0.5631828592168004,
    0.01881030749784113
  ],
  "subjective_probs": [
    0.3981017459860556,
    0.5839836754445717,
    0.0179145785693725
  ],
  "subjective_tilt_on_favourite": 0.05,
  "asset_mean_under_book": [
    -0.05948462510794339,
    -0.05948462510794328,
    -0.05948462510794339
  ],
  "asset_mean_under_subjective": [
    -0.10427107153137494,
    -0.024747262007565274,
    -0.10427107153137494
  ],
  "asset_std_under_subjective": [
    1.101389929025527,
    0.8231367866191046,
    6.632052179388798
  ],
  "gmv_weights": [
    0.41800683328535854,
    0.5631828592168003,
    0.018810307497841135
  ],
  "gmv_stats": {
    "mean": -0.0594846251079436,
    "std": 1.2324178757840969e-08,
    "sharpe": NaN,
    "degenerate": true
  },
  "tan_weights": [
    0.41800683328535854,
    0.5631828592168002,
    0.018810307497841138
  ],
  "tan_stats": {
    "mean": -0.0594846251079436,
    "std": 1.177406092863999e-08,
    "sharpe": NaN,
    "degenerate": true
  },
  "existing_pnl_per_state": [
    0.0,
    0.0,
    0.0
  ],
  "capital": 10000.0,
  "constrained_gmv_hedge": {
    "stakes": [
      1695.4209406714883,
      2284.2497703532295,
      76.2939423237013
    ],
    "total_stake": 4055.9646533484192,
    "total_pnl_per_state": [
      -241.26753683757033,
      -241.26753685852606,
      -241.26753716335423
    ],
    "mean_under_p": -241.26753685550037,
    "mean_under_subjective": -241.26753685564438,
    "std": 4.3843669684910896e-08,
    "sharpe": NaN,
    "degenerate": true,
    "success": true,
    "objective": "gmv"
  },
  "constrained_tan_hedge": {
    "stakes": [
      0.0,
      594.9976645087866,
      1905.0796852716041
    ],
    "total_stake": 2500.0773497803907,
    "total_pnl_per_state": [
      -2500.0773497803907,
      -1506.4312500507172,
      92753.90691379982
    ],
    "mean_under_p": -148.71616389254746,
    "mean_under_subjective": -213.36926323341254,
    "std": 12872.416911213819,
    "sharpe": -0.01657569551274677,
    "degenerate": false,
    "success": true,
    "objective": "tangency"
  }
}