{
  "n_matches_used": 5,
  "alpha_star": 0.0,
  "alphas_tested": [
    0.0,
    0.05,
    0.1,
    0.15000000000000002,
    0.2,
    0.25,
    0.30000000000000004,
    0.35000000000000003,
    0.4,
    0.45,
    0.5,
    0.55,
    0.6000000000000001,
    0.65,
    0.7000000000000001,
    0.75,
    0.8,
    0.8500000000000001,
    0.9,
    0.9500000000000001,
    1.0
  ],
  "losses": [
    3.481144795547649,
    3.5644041893154776,
    3.649092749201458,
    3.735261012732951,
    3.822962276314861,
    3.9122528017400824,
    4.003192042556671,
    4.095842892644892,
    4.190271959691287,
    4.2865498666364585,
    4.384751584629205,
    4.484956801554788,
    4.58725033083558,
    4.691722565947669,
    4.798469986981387,
    4.907595726627261,
    5.01921020422902,
    5.1334318380590025,
    5.250387847797816,
    5.370215161414403,
    5.493061443340549
  ]
}